Product Manager,https://jobs.ashbyhq.com/doinstruct/8e32f960-701a-4d82-9926-f7fdaa65faa5/application?utm_source=4Joz99ZgV8
Product Manager,https://360-digital-starters-gmbh.breezy.hr/p/a07fbbff135301-product-manager
Product Manager,https://cluetivity.jobs.personio.de/job/431574?display=de&language=de&pid=a89dbcad-3ce2-47be-b5b8-0eeea383d091&it=nBwOrfOJvK73tliWsoqI3w&_ghcid=71e67ea4-f328-4404-ad0c-95e7b0e31743#apply
Machine Learning Engineer,https://ailoys-1732528276.teamtailor.com/jobs/5424157-ml-engineer
Machine Learning Engineer,https://join.com/companies/kineo/13804516-machine-learning-scientist-f-m-d?pid=e65242534431eadcb0c9
Machine Learning Engineer,https://nucsai.recruitee.com/o/aiml-engineer/c/new?source=LinkedIn+Basic+Jobs
Machine Learning Engineer,https://c1-green-chemicals-ag.jobs.personio.com/job/2023355?display=en&language=en&pid=d4f87ef7-0af0-4121-9006-72cb333681ff&it=0Sv_soq4_ABF3u9lyM4Krw&_ghcid=71e67ea4-f328-4404-ad0c-95e7b0e31743#apply
Frontend Developer,https://www.comeet.com/jobs/tripleten/98.008/frontend-developer-b2b-remote/5D.F41-37.508?coref=1.11.p04_3411
Frontend Developer,https://brandung.jobs.personio.de/job/2004225?display=de&language=de&pid=4a552bd7-92cd-49fa-b226-f0885fe26563&it=9e_UdnxGkW55HDIdnh4Zpw&_ghcid=71e67ea4-f328-4404-ad0c-95e7b0e31743#apply
Frontend Developer,https://ailoys-1732528276.teamtailor.com/jobs/5439508-front-end-engineer
Frontend Developer,https://wallstreetonline-capital-ag.jobs.personio.de/job/308389?display=de&language=de&pid=b20fc516-2b91-4ae1-86f9-555dcb2931e6&it=l9UrvfVi_MTmpjxOxoRgtQ&_ghcid=71e67ea4-f328-4404-ad0c-95e7b0e31743#apply
QA Engineer,https://it-jobs.de/quality-assurance-engineer-w-m-d-in-berlin_ers-MTAwMDEtMTAwMTIxNjgyOS1TIDE/?location-hash=3258633716&utm_source=linkedin_de&utm_medium=unpaid-partner&utm_campaign=itj_extbackfill
QA Engineer,https://www.stepstone.de/job/12087673/application/redirection?locale=de_DE&cid=partner_linkedin___Y
Data Scientist,https://join.com/companies/kineo/13804516-machine-learning-scientist-f-m-d?pid=e65242534431eadcb0c9
Data Scientist,https://ailoys-1732528276.teamtailor.com/jobs/5424157-ml-engineer
Data Scientist,https://www.stepstone.de/job/12217747/application/redirection?locale=de_DE&cid=partner_linkedin___Y
Data Scientist,https://c1-green-chemicals-ag.jobs.personio.com/job/2023355?display=en&language=en&pid=d4f87ef7-0af0-4121-9006-72cb333681ff&it=0Sv_soq4_ABF3u9lyM4Krw&_ghcid=71e67ea4-f328-4404-ad0c-95e7b0e31743#apply
DevOps Engineer,https://join.com/companies/sides/13790218-devops-engineer-m-f-x?pid=e65242534431eadcb0c9
DevOps Engineer,https://arsipa.recruitee.com/o/devops-engineer-wmd-in-berlin/c/new?source=LinkedIn+Basic+Jobs
DevOps Engineer,https://jobs.lever.co/kolibrigames/b029e8b8-a3eb-4281-82cf-71dca9d090be/apply?lever-source=LinkedIn
DevOps Engineer,https://klim.jobs.personio.de/job/1958102?display=en&language=en&pid=8993259d-5af0-4819-a2a6-a748b675edb8&it=lO40O6wu-tvZTFkKcm-gqg&_ghcid=71e67ea4-f328-4404-ad0c-95e7b0e31743#apply
DevOps Engineer,https://jobs.smartrecruiters.com/Avaloq1/744000044863294-devops-engineer
Cybersecurity Analyst,https://traderepublic.com/en-de/about?jobId=6405136003&gh_jid=6405136003&gh_src=a81679bd3us#career
Cloud Engineer,https://join.com/companies/datatroniq/13819098-cloud-and-devops-engineer-kubernetes?pid=e65242534431eadcb0c9
Cloud Engineer,https://join.com/companies/sides/13790218-devops-engineer-m-f-x?pid=e65242534431eadcb0c9
Cloud Engineer,https://machinelearningreply.recruitee.com/o/cloud-engineer-mfd-5-21/c/new?source=LinkedIn+Basic+Jobs
Cloud Engineer,https://kugu.jobs.personio.de/job/1352045?display=en&language=en&pid=e9ed80cf-f450-4e96-ad53-d3f19da05a43&it=uANfJH4Mu5ZvbzdDwPBtsA&_ghcid=71e67ea4-f328-4404-ad0c-95e7b0e31743#apply
Cloud Engineer,https://jobs.smartrecruiters.com/Avaloq1/744000044863294-devops-engineer
Backend Developer,https://jobs.ashbyhq.com/taktile/81ec3566-8041-476f-9b15-cc3f21ef2d17/application?utm_source=9ZvWNnZ8qq
Backend Developer,https://join.com/companies/doopic/13780884-backend-developer-m-f-d?pid=e65242534431eadcb0c9
Backend Developer,https://justplay.jobs.personio.com/job/2022622?display=en&language=en&pid=5e89c562-d221-4fc5-8fa8-6305b36e5344&it=o5igoCpvMbIWU1r-gk3_Bw&_ghcid=71e67ea4-f328-4404-ad0c-95e7b0e31743#apply
Backend Developer,https://join.com/companies/slay/13815771-backend-engineer?pid=e65242534431eadcb0c9
Backend Developer,https://join.com/companies/egroup/13826238-backend-developer-berlin-based-m-f-d?pid=e65242534431eadcb0c9
Software Engineer,https://mediaire.jobs.personio.de/job/2002648?display=en&language=en&pid=e401f47f-d633-41c6-9a06-0f4cfeb6cc84&it=L_HJWX-y5JIC-FbOJKGoEw&_ghcid=71e67ea4-f328-4404-ad0c-95e7b0e31743#apply
Software Engineer,https://jobs.ashbyhq.com/taktile/81ec3566-8041-476f-9b15-cc3f21ef2d17/application?utm_source=9ZvWNnZ8qq
Software Engineer,https://join.com/companies/pland/13791568-software-engineer-full-stack-f-m-d?pid=e65242534431eadcb0c9
Software Engineer,https://naptha.ai/careers?ashby_jid=96df9dd3-85bc-4cff-b806-973b78bb433a&utm_source=k3pN1XlLyX
Software Engineer,https://jobs.ashbyhq.com/taktile/98e73545-810f-477c-a58f-7295b71bb97f/application?utm_source=9ZvWNnZ8qq
